keyword,serviceID,serviceID,serviceID
質問,1,,
nanapi,3,,
showroom,5,,
PinQul,6,,
GameWith,10,,
SHARP,11,,
アプリ開発,13,,
pixiv,14,,
Swarm,16,,
コーディネート,18,,
newspicks,20,,
グルメ,22,23,
retty,23,,
レシピ,24,25,
料理,25,24,26
DELISHKITCHEN,26,,
メンター,28,,
TimeTicket,29,,
REQU,30,,
キッズライン,31,,
ハンドメイド,36,,
ポケットマルシェ,38,,
クラウドファンディング,39,40,
Readyfor,40,,
tech::camp,43,,
プログラミング,44,,
仕事,46,,
Snapmart,49,,
twitter,1,,
ナナピ,3,3,
ショールーム,5,,
生放送,6,,
ゲームウィズ,10,,
シャープ,11,,
トレンド,13,,
ピクシブ,14,,
Foursquare,16,,
コーデ,18,,
dowjones,20,,
レストラン,22,,
れってぃ,23,23,
簡単,24,25,
デリッシュ,26,,
習い事,28,,
タイムチケット,29,,
リキュー,30,,
KIDSLINE,31,31,
マーケット,36,30,
手仕事,37,,
ポケマル,38,,
資金調達,39,40,
レディーフォー,40,,
techcamp,43,,
ブートキャンプ,44,,
発注,46,,
スナップマート,49,,
ななぴ,3,3,
アイドル,5,,
ライブ,6,,
GameWorks,10,,
アクオス,11,,
広告・マネタイズ,13,,
イラスト,14,,
foursq,16,,
着こなし,18,,
news,20,,
レッティ,23,23,
献立,25,,
デリッシュキッチン,26,,
相談,28,,
Ameba,30,,
kidsline,31,31,
手作り,36,,
手作り,36,,
pocketmarche,38,,
CAMPFIRE,39,,
クラウドファンディング,39,40,
Makuake,41,,
テックキャンプ,43,,
エンジニア,44,,
仕事マーケットプレイス,46,,
フォトストック,49,,
知恵,3,,
DeNA,5,,
ショッピング,6,,
ゲームワークス,10,,
AQUOS,11,,
イラストレーション,14,,
4sq,16,,
スナップ,18,,
economics,20,,
COOKPAD,24,,
レシピ動画,26,25,
講師,28,,
アメーバ,30,,
キッズサポーター,31,,
minne,36,,
販売,37,,
野菜,38,,
キャンプファイヤー,39,,
ソーシャルファンディング,40,39,
マクアケ,41,,
プログラミングスクール,43,,
rubyonrails,44,,
CtoC,46,,
フォトコンテスト,49,,
howto,3,,
ディーエヌエー,5,,
ピンクル,6,,
液晶,11,,
マンガ,14,,
チェックイン,16,,
着まわし,18,,
politics,20,,
口コミ,23,,
くっくぱっど,24,,
料理動画,25,,
料理動画,25,,
先生,28,,
スキルシェア,30,,
シッター,31,,
ミンネ,36,,
出品,37,,
食材,38,,
ソーシャルファンディング,40,39,
資金調達,39,40,
crowdfunding,41,,
パーソナルメンター,44,,
ランサーズ,46,,
インスタグラム,49,,
ハウツー,3,,
ショウルーム,5,,
ファッション,6,18,
液晶テレビ,11,,
漫画,14,,
ステッカー,16,,
スタイル,18,,
recipe,24,26,
レシピ動画,26,25,
料理,25,24,26
プライベートコーチ,28,,
知識,30,,
育児保育,31,,
クリーマ,37,,
生産者,38,,
クリエイター,39,,
米良はるか,40,,
Lancers,46,,
インスタグラマー,49,,
liferecipe,3,,
太陽光発電,11,,
manga,14,,
プラン,16,16,
ファッション,6,18,
おかず,25,,
cook,26,,
MENTA,28,,
特技,30,,
病児保育,31,,
Creema,37,,
農家,38,,
少額出資,39,,
クリエーター,40,,
フリーランス,46,,
Instagram,49,,
ライフレシピ,3,3,
ソーラー,11,,
コミュニティ,14,,
待ち合わせ,16,,
人気,18,,
kurashiru,25,,
cooking,26,,
メンタ,28,,
スキル,30,,
マッチング,31,,
アクセサリー,37,,
漁師,38,,
プレオーダー,39,,
マッチング,31,,
スマホ写真,49,,
らいふれしぴ,3,3,
デジタル複合機,11,,
SNS,14,,
最新情報,16,,
WEAR,18,,
クラシル,25,25,
recipe,24,26,
教室,28,,
マーケット,36,30,
ジュエリー,37,,
通販,38,,
クラウドソーシング,46,,
プラズマクラスター,11,,
投稿,14,,
友達,16,,
ウェア,18,,
くらしる,25,25,
簡単料理,26,,
プレゼント,37,,
肉,38,,
ヘルシオ,11,,
コンテスト,14,,
ゲーム,16,,
簡単レシピ,26,,
魚,38,,
ロボット家電,11,,
シェア,16,,
レシピサイト,26,,
COCOROBO,11,,
1分料理動画,26,,
スマートフォン,11,,
ハチ,16,,
1分レシピ動画,26,,
スマホ,11,,
ハチミツ,16,,
1分動画,26,,
イグゾー,11,,
IGZO,11,,
ロボホン,11,,
RoBoHoN,11,,